question,student_answer,correct_answer,misconception
"What does range(5) produce in Python?","1, 2, 3, 4, 5","0, 1, 2, 3, 4","range_boundary"
"What is the output of list(range(4))?","[1, 2, 3, 4]","[0, 1, 2, 3]","range_boundary"
"Does range(1, 5) include 5?","Yes, the stop value is included","No, it produces 1, 2, 3, 4","range_boundary"
"What values does range(2, 6, 2) produce?","2, 4, 6","2, 4","range_boundary"
"What is the last value in range(3)?","3","2","range_boundary"
"How can a Python range include 5 as its last value?","Use range(1, 5)","Use range(1, 6)","range_boundary"
"What does = do in C++?","It compares two values","It assigns a value","assignment_equality"
"What does == do in C?","It assigns a value","It compares two values","assignment_equality"
"Which operator checks equality in Python?","=","==","assignment_equality"
"In if (x == 3), what does == mean in C?","Set x to 3","Test whether x equals 3","assignment_equality"
"What is the difference between = and ==?","They both compare values","= assigns; == compares","assignment_equality"
"Which C++ expression assigns 5 to x?","x == 5","x = 5","assignment_equality"
"What does return value do in a Python function?","Prints value to the terminal","Sends value back to the caller","return_misunderstanding"
"Does return automatically print a value in C++?","Yes, every returned value is printed","No, it gives the value back to the caller","return_misunderstanding"
"What happens when a C function executes return total?","It displays total","It gives total back to the caller","return_misunderstanding"
"Where does a function's returned value go?","It is always printed","It is received by the caller","return_misunderstanding"
"What does return 0 mean at the end of main in C?","Print zero to the screen","Finish main and return status zero","return_misunderstanding"
"How do you show a returned result in Python?","Use return to print it","Call print(function())","return_misunderstanding"
"What is the index of the first element in a C++ vector?","1","0","indexing"
"What is the index of the first element in a C array?","1","0","indexing"
"What does items[2] access in a Python list?","The second element","The third element","indexing"
"For int a[5], what is the index of the last element in C?","5","4","indexing"
"What is the index of the first character in a C++ string?","1","0","indexing"
"If an array has 8 elements, what is its final valid index?","8","7","indexing"
"How many times does for (int i=0; i<5; i++) run?","6 times","5 times","loop_boundary"
"What is the final i value printed by for (i=0; i<3; i++) in C?","3","2","loop_boundary"
"How many iterations does Python for i in range(4) perform?","5","4","loop_boundary"
"What condition loops over indexes 0 through 4 in C++?","i <= 5","i < 5","loop_boundary"
"When does while (count < 3) stop?","Before count reaches 3","When count becomes 3","loop_boundary"
"How many times does for (int i=1; i<=4; ++i) run?","5 times","4 times","loop_boundary"
"What does a pointer store in C?","The value of every variable","A memory address","pointer_misunderstanding"
"What does int* p mean in C++?","p is an integer value","p points to an integer","pointer_misunderstanding"
"What does &x produce in C?","The value stored in x","The address of x","pointer_misunderstanding"
"What does *p mean when p is an int pointer?","The address of p","The integer value at the address p points to","pointer_misunderstanding"
"Can a pointer point to a different variable later?","No, pointers cannot be changed","Yes, it can be assigned another address","pointer_misunderstanding"
"What should you check before dereferencing a pointer?","That its value is nonzero","That it points to a valid object","pointer_misunderstanding"
"Which function releases memory allocated with malloc in C?","delete","free","memory_management"
"How do you release memory allocated with new in C++?","free(pointer)","delete pointer","memory_management"
"Does local stack memory allocated inside a function need manual free?","Yes, call free on every local variable","No, its lifetime is managed by scope","memory_management"
"What can happen if dynamically allocated memory is never released?","The memory is automatically reusable immediately","A memory leak can occur","memory_management"
"Which C function allocates a block of memory?","printf","malloc","memory_management"
"What should pair with new[] in C++?","delete pointer","delete[] pointer","memory_management"
"What happens to an int passed by value to a C function?","The function changes the caller's original variable","The function receives a copy","pass_by_value"
"Does changing a by-value parameter in C++ change the caller's variable?","Yes, always","No, it changes only the copy","pass_by_value"
"How can a C function modify an integer supplied by its caller?","Pass the integer by value only","Pass a pointer to the integer","pass_by_value"
"What does void update(int& value) use in C++?","A copy of value","A reference to the caller's value","pass_by_value"
"What is passed to a function declared f(int x) in C?","The caller's variable itself","A copy of the integer value","pass_by_value"
"What does passing a pointer by value allow a C function to do?","Change the caller's pointer variable directly","Modify the pointed-to object","pass_by_value"
"What is the type of 3.14 in Python by default?","int","float","type_misunderstanding"
"Can a Python variable hold a string after holding an integer?","No, variables have fixed declared types","Yes, Python is dynamically typed","type_misunderstanding"
"What does int x = 3; declare in C++?","A dynamically typed variable","An integer variable","type_misunderstanding"
"Can a C variable change from int to char after declaration?","Yes, C variables change type automatically","No, its declared type remains int","type_misunderstanding"
"What type does sizeof return in C?","float","size_t, an unsigned integer type","type_misunderstanding"
"Is bool a built-in type in modern C++?","No, C++ has no boolean type","Yes","type_misunderstanding"
"What marks the end of a C string stored in a char array?","A newline character","A null character '\\0'","string_termination"
"Does strlen(\"cat\") count the null terminator?","Yes, it returns 4","No, it returns 3","string_termination"
"How much space is needed for char word[] = \"cat\" in C?","3 bytes","4 bytes including the null terminator","string_termination"
"What does '\\0' mean in a C string?","The character digit zero","The string terminator with value zero","string_termination"
"Which C++ type manages string length without a manual null terminator?","char* only","std::string","string_termination"
"Why must a C char array have room for a terminator?","The compiler adds space automatically","C string functions use '\\0' to find the end","string_termination"
